"Post ID",Title,URL,Categories,"Category URLs",Tags,"Tag URLs",Author,"Published Date","Modified Date",Status
2,範例頁面,https://blog-legacy.yuaner.tw/sample-page/,,,,,元兒～,"2018-12-10 19:51:06","2018-12-10 19:51:06",Publish
40,Firefox將分頁列移到網址下方,https://blog-legacy.yuaner.tw/old/firefox%e5%b0%87%e5%88%86%e9%a0%81%e5%88%97%e7%a7%bb%e5%88%b0%e7%b6%b2%e5%9d%80%e4%b8%8b%e6%96%b9/,未整理舊文,https://blog-legacy.yuaner.tw/category/old/,Firefox,https://blog-legacy.yuaner.tw/tag/firefox/,元兒～,"2012-11-05 19:35:00","2018-12-11 01:59:42",Publish
41,在Ubuntu建置Android開發環境（用套件管理程式安裝Eclipse）,https://blog-legacy.yuaner.tw/old/%e5%9c%a8ubuntu%e5%bb%ba%e7%bd%aeandroid%e9%96%8b%e7%99%bc%e7%92%b0%e5%a2%83%ef%bc%88%e7%94%a8%e5%a5%97%e4%bb%b6%e7%ae%a1%e7%90%86%e7%a8%8b%e5%bc%8f%e5%ae%89%e8%a3%9declipse%ef%bc%89/,未整理舊文,https://blog-legacy.yuaner.tw/category/old/,"Android, 玩Linux的日記, 軟體相關","https://blog-legacy.yuaner.tw/tag/android/, https://blog-legacy.yuaner.tw/tag/linux/, https://blog-legacy.yuaner.tw/tag/software/",元兒～,"2012-08-29 17:43:00","2018-12-11 01:59:42",Publish
42,在Windows用XAMPP包架設Apache、MySQL伺服器,https://blog-legacy.yuaner.tw/old/%e5%9c%a8windows%e7%94%a8xampp%e5%8c%85%e6%9e%b6%e8%a8%adapache%e3%80%81mysql%e4%bc%ba%e6%9c%8d%e5%99%a8/,未整理舊文,https://blog-legacy.yuaner.tw/category/old/,,,元兒～,"2012-08-21 23:50:00","2018-12-11 01:59:42",Publish
43,"在Linux Ubuntu上架MySQL資料庫",https://blog-legacy.yuaner.tw/old/%e5%9c%a8linux-ubuntu%e4%b8%8a%e6%9e%b6mysql%e8%b3%87%e6%96%99%e5%ba%ab/,未整理舊文,https://blog-legacy.yuaner.tw/category/old/,"MySQL, 架站, 玩Linux的日記","https://blog-legacy.yuaner.tw/tag/mysql/, https://blog-legacy.yuaner.tw/tag/hosting-websites/, https://blog-legacy.yuaner.tw/tag/linux/",元兒～,"2012-08-08 01:27:00","2018-12-11 01:59:42",Publish
44,"MIUI 2.3.30 for HTC Desire HD 刷機後試玩心得",https://blog-legacy.yuaner.tw/old/miui-2-3-30-for-htc-desire-hd-%e5%88%b7%e6%a9%9f%e5%be%8c%e8%a9%a6%e7%8e%a9%e5%bf%83%e5%be%97/,未整理舊文,https://blog-legacy.yuaner.tw/category/old/,"HTC Desire HD, 玩刷機","https://blog-legacy.yuaner.tw/tag/htc-desire-hd/, https://blog-legacy.yuaner.tw/tag/flash-rom/",元兒～,"2012-04-20 01:13:00","2018-12-11 01:59:41",Publish
46,"在Ubuntu 11.10增強nautilus檔案總管的外掛",https://blog-legacy.yuaner.tw/old/%e5%9c%a8ubuntu-11-10%e5%a2%9e%e5%bc%b7nautilus%e6%aa%94%e6%a1%88%e7%b8%bd%e7%ae%a1%e7%9a%84%e5%a4%96%e6%8e%9b/,未整理舊文,https://blog-legacy.yuaner.tw/category/old/,,,元兒～,"2012-01-11 23:15:00","2018-12-11 01:59:41",Publish
47,"將Ubuntu Unity的Launcher移到下方",https://blog-legacy.yuaner.tw/old/%e5%b0%87ubuntu-unity%e7%9a%84launcher%e7%a7%bb%e5%88%b0%e4%b8%8b%e6%96%b9/,未整理舊文,https://blog-legacy.yuaner.tw/category/old/,"玩Linux的日記, 軟體相關","https://blog-legacy.yuaner.tw/tag/linux/, https://blog-legacy.yuaner.tw/tag/software/",元兒～,"2012-01-09 23:49:00","2018-12-11 01:59:44",Publish
48,讓PG1910手機連接電腦傳輸資料,https://blog-legacy.yuaner.tw/old/%e8%ae%93pg1910%e6%89%8b%e6%a9%9f%e9%80%a3%e6%8e%a5%e9%9b%bb%e8%85%a6%e5%82%b3%e8%bc%b8%e8%b3%87%e6%96%99/,未整理舊文,https://blog-legacy.yuaner.tw/category/old/,,,元兒～,"2011-12-31 18:32:00","2018-12-11 01:59:44",Publish
49,"關於Carrier IQ 監視程式",https://blog-legacy.yuaner.tw/old/%e9%97%9c%e6%96%bccarrier-iq-%e7%9b%a3%e8%a6%96%e7%a8%8b%e5%bc%8f/,未整理舊文,https://blog-legacy.yuaner.tw/category/old/,"Android, HTC Desire HD, 軟體相關","https://blog-legacy.yuaner.tw/tag/android/, https://blog-legacy.yuaner.tw/tag/htc-desire-hd/, https://blog-legacy.yuaner.tw/tag/software/",元兒～,"2011-12-08 23:29:00","2018-12-11 01:59:43",Publish
51,把Ubuntu裝在Virtualbox虛擬電腦裡,https://blog-legacy.yuaner.tw/old/%e6%8a%8aubuntu%e8%a3%9d%e5%9c%a8virtualbox%e8%99%9b%e6%93%ac%e9%9b%bb%e8%85%a6%e8%a3%a1/,未整理舊文,https://blog-legacy.yuaner.tw/category/old/,"作業系統, 玩Linux的日記, 軟體相關","https://blog-legacy.yuaner.tw/tag/os/, https://blog-legacy.yuaner.tw/tag/linux/, https://blog-legacy.yuaner.tw/tag/software/",元兒～,"2011-09-21 18:40:00","2018-12-11 01:59:43",Publish
52,"完美！Desire HD刷入機器達人的有感ROM 2.3.3",https://blog-legacy.yuaner.tw/old/%e5%ae%8c%e7%be%8e%ef%bc%81desire-hd%e5%88%b7%e5%85%a5%e6%a9%9f%e5%99%a8%e9%81%94%e4%ba%ba%e7%9a%84%e6%9c%89%e6%84%9from-2-3-3/,未整理舊文,https://blog-legacy.yuaner.tw/category/old/,"Android, HTC Desire HD, 玩刷機","https://blog-legacy.yuaner.tw/tag/android/, https://blog-legacy.yuaner.tw/tag/htc-desire-hd/, https://blog-legacy.yuaner.tw/tag/flash-rom/",元兒～,"2011-09-08 21:36:00","2018-12-11 01:59:43",Publish
53,"HTC Desire HD 刷機教學資源懶人包",https://blog-legacy.yuaner.tw/old/htc-desire-hd-%e5%88%b7%e6%a9%9f%e6%95%99%e5%ad%b8%e8%b3%87%e6%ba%90%e6%87%b6%e4%ba%ba%e5%8c%85/,未整理舊文,https://blog-legacy.yuaner.tw/category/old/,"Android, HTC Desire HD, 玩刷機","https://blog-legacy.yuaner.tw/tag/android/, https://blog-legacy.yuaner.tw/tag/htc-desire-hd/, https://blog-legacy.yuaner.tw/tag/flash-rom/",元兒～,"2011-09-08 21:22:00","2018-12-11 01:59:45",Publish
55,"Desire HD刷入Desire HD v3.2 Rom以及遇到的狀況",https://blog-legacy.yuaner.tw/old/desire-hd%e5%88%b7%e5%85%a5desire-hd-v3-2-rom%e4%bb%a5%e5%8f%8a%e9%81%87%e5%88%b0%e7%9a%84%e7%8b%80%e6%b3%81/,未整理舊文,https://blog-legacy.yuaner.tw/category/old/,"Android, HTC Desire HD, 玩刷機","https://blog-legacy.yuaner.tw/tag/android/, https://blog-legacy.yuaner.tw/tag/htc-desire-hd/, https://blog-legacy.yuaner.tw/tag/flash-rom/",元兒～,"2011-08-15 01:49:00","2018-12-11 01:59:45",Publish
60,"讓Android也擁有Windows Phone7桌面",https://blog-legacy.yuaner.tw/old/%e8%ae%93android%e4%b9%9f%e6%93%81%e6%9c%89windows-phone7%e6%a1%8c%e9%9d%a2/,未整理舊文,https://blog-legacy.yuaner.tw/category/old/,Android,https://blog-legacy.yuaner.tw/tag/android/,元兒～,"2011-01-29 22:40:00","2018-12-11 01:59:45",Publish
63,有關Android3.0的消息與相關新聞,https://blog-legacy.yuaner.tw/old/%e6%9c%89%e9%97%9candroid3-0%e7%9a%84%e6%b6%88%e6%81%af%e8%88%87%e7%9b%b8%e9%97%9c%e6%96%b0%e8%81%9e/,未整理舊文,https://blog-legacy.yuaner.tw/category/old/,Android,https://blog-legacy.yuaner.tw/tag/android/,元兒～,"2011-01-06 20:23:00","2018-12-11 01:59:44",Publish
64,"透過PlayOnLinux+Wine在Ubuntu安裝MS Office 2007",https://blog-legacy.yuaner.tw/old/%e9%80%8f%e9%81%8eplayonlinuxwine%e5%9c%a8ubuntu%e5%ae%89%e8%a3%9dms-office-2007/,未整理舊文,https://blog-legacy.yuaner.tw/category/old/,"玩Linux的日記, 軟體相關","https://blog-legacy.yuaner.tw/tag/linux/, https://blog-legacy.yuaner.tw/tag/software/",元兒～,"2010-12-09 20:21:00","2018-12-11 01:59:45",Publish
65,ColorDict圖解安裝星際譯王的字典檔,https://blog-legacy.yuaner.tw/old/colordict%e5%9c%96%e8%a7%a3%e5%ae%89%e8%a3%9d%e6%98%9f%e9%9a%9b%e8%ad%af%e7%8e%8b%e7%9a%84%e5%ad%97%e5%85%b8%e6%aa%94/,未整理舊文,https://blog-legacy.yuaner.tw/category/old/,"Android, 軟體相關","https://blog-legacy.yuaner.tw/tag/android/, https://blog-legacy.yuaner.tw/tag/software/",元兒～,"2010-12-04 20:56:00","2018-12-11 01:59:46",Publish
71,目前殘留的星際譯王字典檔,https://blog-legacy.yuaner.tw/old/%e7%9b%ae%e5%89%8d%e6%ae%98%e7%95%99%e7%9a%84%e6%98%9f%e9%9a%9b%e8%ad%af%e7%8e%8b%e5%ad%97%e5%85%b8%e6%aa%94/,未整理舊文,https://blog-legacy.yuaner.tw/category/old/,"玩Linux的日記, 軟體相關","https://blog-legacy.yuaner.tw/tag/linux/, https://blog-legacy.yuaner.tw/tag/software/",元兒～,"2010-11-05 22:22:00","2018-12-11 01:59:46",Publish
77,Fences-把你的桌面分好幾區塊擺這些雜七雜八的圖示,https://blog-legacy.yuaner.tw/old/fences-%e6%8a%8a%e4%bd%a0%e7%9a%84%e6%a1%8c%e9%9d%a2%e5%88%86%e5%a5%bd%e5%b9%be%e5%8d%80%e5%a1%8a%e6%93%ba%e9%80%99%e4%ba%9b%e9%9b%9c%e4%b8%83%e9%9b%9c%e5%85%ab%e7%9a%84%e5%9c%96%e7%a4%ba/,未整理舊文,https://blog-legacy.yuaner.tw/category/old/,軟體相關,https://blog-legacy.yuaner.tw/tag/software/,元兒～,"2010-09-28 23:19:00","2018-12-11 01:59:46",Publish
81,"IE9測試版已經出來，用Windows Vista、7的人下載吧",https://blog-legacy.yuaner.tw/old/ie9%e6%b8%ac%e8%a9%a6%e7%89%88%e5%b7%b2%e7%b6%93%e5%87%ba%e4%be%86%ef%bc%8c%e7%94%a8windows-vista%e3%80%817%e7%9a%84%e4%ba%ba%e4%b8%8b%e8%bc%89%e5%90%a7/,未整理舊文,https://blog-legacy.yuaner.tw/category/old/,軟體相關,https://blog-legacy.yuaner.tw/tag/software/,元兒～,"2010-09-23 00:15:00","2018-12-11 01:59:47",Publish
82,2010.9.13！Foto病毒解毒法！！,https://blog-legacy.yuaner.tw/old/2010-9-13%ef%bc%81foto%e7%97%85%e6%af%92%e8%a7%a3%e6%af%92%e6%b3%95%ef%bc%81%ef%bc%81/,未整理舊文,https://blog-legacy.yuaner.tw/category/old/,,,元兒～,"2010-09-13 22:10:00","2018-12-11 01:59:48",Publish
83,網路流量監控、網路限速,https://blog-legacy.yuaner.tw/old/%e7%b6%b2%e8%b7%af%e6%b5%81%e9%87%8f%e7%9b%a3%e6%8e%a7%e3%80%81%e7%b6%b2%e8%b7%af%e9%99%90%e9%80%9f/,未整理舊文,https://blog-legacy.yuaner.tw/category/old/,軟體相關,https://blog-legacy.yuaner.tw/tag/software/,元兒～,"2010-09-09 21:01:00","2018-12-11 01:59:48",Publish
84,網路電視-在宿舍也能看電視,https://blog-legacy.yuaner.tw/old/%e7%b6%b2%e8%b7%af%e9%9b%bb%e8%a6%96-%e5%9c%a8%e5%ae%bf%e8%88%8d%e4%b9%9f%e8%83%bd%e7%9c%8b%e9%9b%bb%e8%a6%96/,未整理舊文,https://blog-legacy.yuaner.tw/category/old/,軟體相關,https://blog-legacy.yuaner.tw/tag/software/,元兒～,"2010-09-07 14:47:00","2018-12-11 01:59:48",Publish
86,Win7「還原舊版」&#8230;&#8230;救了我一命～,https://blog-legacy.yuaner.tw/old/win7%e3%80%8c%e9%82%84%e5%8e%9f%e8%88%8a%e7%89%88%e3%80%8d-%e6%95%91%e4%ba%86%e6%88%91%e4%b8%80%e5%91%bd%ef%bd%9e/,未整理舊文,https://blog-legacy.yuaner.tw/category/old/,軟體相關,https://blog-legacy.yuaner.tw/tag/software/,元兒～,"2010-09-01 14:09:00","2018-12-11 01:59:47",Publish
87,"Firefox 4.0 beta4測試報告",https://blog-legacy.yuaner.tw/old/firefox-4-0-beta4%e6%b8%ac%e8%a9%a6%e5%a0%b1%e5%91%8a/,未整理舊文,https://blog-legacy.yuaner.tw/category/old/,"Firefox, 軟體相關","https://blog-legacy.yuaner.tw/tag/firefox/, https://blog-legacy.yuaner.tw/tag/software/",元兒～,"2010-08-28 12:35:00","2018-12-11 01:59:50",Publish
88,"Firefox偽裝成其他瀏覽器（含手機）-User Agent Switcher",https://blog-legacy.yuaner.tw/old/firefox%e5%81%bd%e8%a3%9d%e6%88%90%e5%85%b6%e4%bb%96%e7%80%8f%e8%a6%bd%e5%99%a8%ef%bc%88%e5%90%ab%e6%89%8b%e6%a9%9f%ef%bc%89-user-agent-switcher/,未整理舊文,https://blog-legacy.yuaner.tw/category/old/,"Firefox, 軟體相關","https://blog-legacy.yuaner.tw/tag/firefox/, https://blog-legacy.yuaner.tw/tag/software/",元兒～,"2010-08-28 10:32:00","2018-12-11 01:59:49",Publish
91,免掉安裝Firefox擴充套件前的五秒等待,https://blog-legacy.yuaner.tw/tech/firefox-dialog-no-delay/,"瀏覽器, 資訊技術","https://blog-legacy.yuaner.tw/category/tech/browser/, https://blog-legacy.yuaner.tw/category/tech/",Firefox,https://blog-legacy.yuaner.tw/tag/firefox/,元兒～,"2010-08-25 15:43:00","2018-12-15 15:20:42",Publish
93,在Office視窗上加上分頁，方便切換已開啟的文件-OfficeTab,https://blog-legacy.yuaner.tw/old/%e5%9c%a8office%e8%a6%96%e7%aa%97%e4%b8%8a%e5%8a%a0%e4%b8%8a%e5%88%86%e9%a0%81%ef%bc%8c%e6%96%b9%e4%be%bf%e5%88%87%e6%8f%9b%e5%b7%b2%e9%96%8b%e5%95%9f%e7%9a%84%e6%96%87%e4%bb%b6-officetab/,未整理舊文,https://blog-legacy.yuaner.tw/category/old/,軟體相關,https://blog-legacy.yuaner.tw/tag/software/,元兒～,"2010-08-22 15:56:00","2018-12-11 01:59:49",Publish
96,"俗稱的上帝模式&#8230;&#8230;啟動你的Windows 7無敵控制台",https://blog-legacy.yuaner.tw/old/%e4%bf%97%e7%a8%b1%e7%9a%84%e4%b8%8a%e5%b8%9d%e6%a8%a1%e5%bc%8f-%e5%95%9f%e5%8b%95%e4%bd%a0%e7%9a%84windows-7%e7%84%a1%e6%95%b5%e6%8e%a7%e5%88%b6%e5%8f%b0/,未整理舊文,https://blog-legacy.yuaner.tw/category/old/,"作業系統, 軟體相關","https://blog-legacy.yuaner.tw/tag/os/, https://blog-legacy.yuaner.tw/tag/software/",元兒～,"2010-08-20 22:18:00","2018-12-11 01:59:48",Publish
97,"Wot 自動偵測網站安不安全",https://blog-legacy.yuaner.tw/old/wot-%e8%87%aa%e5%8b%95%e5%81%b5%e6%b8%ac%e7%b6%b2%e7%ab%99%e5%ae%89%e4%b8%8d%e5%ae%89%e5%85%a8/,未整理舊文,https://blog-legacy.yuaner.tw/category/old/,"Firefox, 軟體相關","https://blog-legacy.yuaner.tw/tag/firefox/, https://blog-legacy.yuaner.tw/tag/software/",元兒～,"2010-08-20 17:47:00","2018-12-11 01:59:50",Publish
98,"作業系統太新 老舊軟體不能用？",https://blog-legacy.yuaner.tw/old/%e4%bd%9c%e6%a5%ad%e7%b3%bb%e7%b5%b1%e5%a4%aa%e6%96%b0-%e8%80%81%e8%88%8a%e8%bb%9f%e9%ab%94%e4%b8%8d%e8%83%bd%e7%94%a8%ef%bc%9f/,未整理舊文,https://blog-legacy.yuaner.tw/category/old/,軟體相關,https://blog-legacy.yuaner.tw/tag/software/,元兒～,"2010-08-19 09:41:00","2018-12-11 01:59:50",Publish
99,Netvibes-訂製你個人的「公開」首頁,https://blog-legacy.yuaner.tw/old/netvibes-%e8%a8%82%e8%a3%bd%e4%bd%a0%e5%80%8b%e4%ba%ba%e7%9a%84%e3%80%8c%e5%85%ac%e9%96%8b%e3%80%8d%e9%a6%96%e9%a0%81/,未整理舊文,https://blog-legacy.yuaner.tw/category/old/,,,元兒～,"2010-08-18 11:11:00","2018-12-11 01:59:51",Publish
104,Kylo-針對影音網站設計的瀏覽器,https://blog-legacy.yuaner.tw/old/kylo-%e9%87%9d%e5%b0%8d%e5%bd%b1%e9%9f%b3%e7%b6%b2%e7%ab%99%e8%a8%ad%e8%a8%88%e7%9a%84%e7%80%8f%e8%a6%bd%e5%99%a8/,未整理舊文,https://blog-legacy.yuaner.tw/category/old/,軟體相關,https://blog-legacy.yuaner.tw/tag/software/,元兒～,"2010-08-10 18:52:00","2018-12-11 01:59:51",Publish
105,取消Opera網頁頁籤點兩下關閉分頁,https://blog-legacy.yuaner.tw/old/%e5%8f%96%e6%b6%88opera%e7%b6%b2%e9%a0%81%e9%a0%81%e7%b1%a4%e9%bb%9e%e5%85%a9%e4%b8%8b%e9%97%9c%e9%96%89%e5%88%86%e9%a0%81/,未整理舊文,https://blog-legacy.yuaner.tw/category/old/,軟體相關,https://blog-legacy.yuaner.tw/tag/software/,元兒～,"2010-08-04 11:23:00","2018-12-11 01:59:51",Publish
106,WordPress只能支援PHP主機-噗浪討論,https://blog-legacy.yuaner.tw/old/wordpress%e5%8f%aa%e8%83%bd%e6%94%af%e6%8f%b4php%e4%b8%bb%e6%a9%9f-%e5%99%97%e6%b5%aa%e8%a8%8e%e8%ab%96/,未整理舊文,https://blog-legacy.yuaner.tw/category/old/,軟體相關,https://blog-legacy.yuaner.tw/tag/software/,元兒～,"2010-08-03 15:34:00","2018-12-11 01:59:51",Publish
109,讓Firefox也支援Win7工具列網頁分頁縮圖,https://blog-legacy.yuaner.tw/old/%e8%ae%93firefox%e4%b9%9f%e6%94%af%e6%8f%b4win7%e5%b7%a5%e5%85%b7%e5%88%97%e7%b6%b2%e9%a0%81%e5%88%86%e9%a0%81%e7%b8%ae%e5%9c%96/,未整理舊文,https://blog-legacy.yuaner.tw/category/old/,"Firefox, 軟體相關","https://blog-legacy.yuaner.tw/tag/firefox/, https://blog-legacy.yuaner.tw/tag/software/",元兒～,"2010-07-24 17:38:00","2018-12-11 01:59:52",Publish
111,"Comic Shelf 看線上漫畫，還能下載喔",https://blog-legacy.yuaner.tw/old/comic-shelf-%e7%9c%8b%e7%b7%9a%e4%b8%8a%e6%bc%ab%e7%95%ab%ef%bc%8c%e9%82%84%e8%83%bd%e4%b8%8b%e8%bc%89%e5%96%94/,未整理舊文,https://blog-legacy.yuaner.tw/category/old/,軟體相關,https://blog-legacy.yuaner.tw/tag/software/,元兒～,"2010-07-23 10:30:00","2018-12-11 01:59:54",Publish
112,控制Facebook轉貼連結摘文內容,https://blog-legacy.yuaner.tw/old/%e6%8e%a7%e5%88%b6facebook%e8%bd%89%e8%b2%bc%e9%80%a3%e7%b5%90%e6%91%98%e6%96%87%e5%85%a7%e5%ae%b9/,未整理舊文,https://blog-legacy.yuaner.tw/category/old/,,,元兒～,"2010-07-22 18:27:00","2018-12-11 01:59:54",Publish
113,察看你的系統64位元還是32位元,https://blog-legacy.yuaner.tw/old/%e5%af%9f%e7%9c%8b%e4%bd%a0%e7%9a%84%e7%b3%bb%e7%b5%b164%e4%bd%8d%e5%85%83%e9%82%84%e6%98%af32%e4%bd%8d%e5%85%83/,未整理舊文,https://blog-legacy.yuaner.tw/category/old/,"作業系統, 軟體相關","https://blog-legacy.yuaner.tw/tag/os/, https://blog-legacy.yuaner.tw/tag/software/",元兒～,"2010-07-21 11:15:00","2018-12-11 01:59:53",Publish
121,"Microsoft Office 2007圖片設定介面怎麼和別人不同",https://blog-legacy.yuaner.tw/old/microsoft-office-2007%e5%9c%96%e7%89%87%e8%a8%ad%e5%ae%9a%e4%bb%8b%e9%9d%a2%e6%80%8e%e9%ba%bc%e5%92%8c%e5%88%a5%e4%ba%ba%e4%b8%8d%e5%90%8c/,未整理舊文,https://blog-legacy.yuaner.tw/category/old/,軟體相關,https://blog-legacy.yuaner.tw/tag/software/,元兒～,"2010-07-13 11:01:00","2018-12-11 01:59:53",Publish
123,Opera瀏覽器也不錯&#8230;&#8230;,https://blog-legacy.yuaner.tw/old/opera%e7%80%8f%e8%a6%bd%e5%99%a8%e4%b9%9f%e4%b8%8d%e9%8c%af/,未整理舊文,https://blog-legacy.yuaner.tw/category/old/,軟體相關,https://blog-legacy.yuaner.tw/tag/software/,元兒～,"2010-07-11 16:59:00","2018-12-11 01:59:52",Publish
130,"MSN Spaces、WordPress.com、Blogger的比較",https://blog-legacy.yuaner.tw/old/msn-spaces%e3%80%81wordpress-com%e3%80%81blogger%e7%9a%84%e6%af%94%e8%bc%83/,未整理舊文,https://blog-legacy.yuaner.tw/category/old/,,,元兒～,"2010-07-02 16:22:00","2018-12-11 01:59:53",Publish
133,陣列&#8230;&#8230;把我搞的一團亂&#8230;&#8230;,https://blog-legacy.yuaner.tw/old/%e9%99%a3%e5%88%97-%e6%8a%8a%e6%88%91%e6%90%9e%e7%9a%84%e4%b8%80%e5%9c%98%e4%ba%82/,未整理舊文,https://blog-legacy.yuaner.tw/category/old/,VB.net程式語言,https://blog-legacy.yuaner.tw/tag/vb-net/,元兒～,"2010-06-30 11:25:00","2018-12-11 01:59:56",Publish
143,小白(這台筆電)使用還原片重灌,https://blog-legacy.yuaner.tw/old/%e5%b0%8f%e7%99%bd%e9%80%99%e5%8f%b0%e7%ad%86%e9%9b%bb%e4%bd%bf%e7%94%a8%e9%82%84%e5%8e%9f%e7%89%87%e9%87%8d%e7%81%8c/,未整理舊文,https://blog-legacy.yuaner.tw/category/old/,作業系統,https://blog-legacy.yuaner.tw/tag/os/,元兒～,"2010-06-22 11:53:00","2018-12-11 01:59:56",Publish
145,透過MSN玩噗浪發噗,https://blog-legacy.yuaner.tw/old/%e9%80%8f%e9%81%8emsn%e7%8e%a9%e5%99%97%e6%b5%aa%e7%99%bc%e5%99%97/,未整理舊文,https://blog-legacy.yuaner.tw/category/old/,,,元兒～,"2010-06-20 14:26:00","2018-12-11 01:59:55",Publish
146,"ODF Plugin for MS Office要用的趕快下載",https://blog-legacy.yuaner.tw/old/odf-plugin-for-ms-office%e8%a6%81%e7%94%a8%e7%9a%84%e8%b6%95%e5%bf%ab%e4%b8%8b%e8%bc%89/,未整理舊文,https://blog-legacy.yuaner.tw/category/old/,"玩Linux的日記, 軟體相關","https://blog-legacy.yuaner.tw/tag/linux/, https://blog-legacy.yuaner.tw/tag/software/",元兒～,"2010-06-19 13:46:00","2018-12-11 01:59:55",Publish
147,"Firefox-Grab and Drag用滑鼠拖移捲動網頁",https://blog-legacy.yuaner.tw/old/firefox-grab-and-drag%e7%94%a8%e6%bb%91%e9%bc%a0%e6%8b%96%e7%a7%bb%e6%8d%b2%e5%8b%95%e7%b6%b2%e9%a0%81/,未整理舊文,https://blog-legacy.yuaner.tw/category/old/,"Firefox, 軟體相關","https://blog-legacy.yuaner.tw/tag/firefox/, https://blog-legacy.yuaner.tw/tag/software/",元兒～,"2010-06-18 22:16:00","2018-12-11 01:59:55",Publish
149,"VB.net 2005 第一天上課筆記",https://blog-legacy.yuaner.tw/old/vb-net-2005-%e7%ac%ac%e4%b8%80%e5%a4%a9%e4%b8%8a%e8%aa%b2%e7%ad%86%e8%a8%98/,未整理舊文,https://blog-legacy.yuaner.tw/category/old/,VB.net程式語言,https://blog-legacy.yuaner.tw/tag/vb-net/,元兒～,"2010-06-15 23:46:00","2018-12-11 01:59:58",Publish
154,不准讓別人改我的IE首頁設定,https://blog-legacy.yuaner.tw/old/%e4%b8%8d%e5%87%86%e8%ae%93%e5%88%a5%e4%ba%ba%e6%94%b9%e6%88%91%e7%9a%84ie%e9%a6%96%e9%a0%81%e8%a8%ad%e5%ae%9a/,未整理舊文,https://blog-legacy.yuaner.tw/category/old/,軟體相關,https://blog-legacy.yuaner.tw/tag/software/,元兒～,"2010-06-06 20:11:00","2018-12-11 01:59:58",Publish
155,"親手測試！IE很讓人傻眼 CSS3對不同瀏覽器的支援度～",https://blog-legacy.yuaner.tw/old/%e8%a6%aa%e6%89%8b%e6%b8%ac%e8%a9%a6%ef%bc%81ie%e5%be%88%e8%ae%93%e4%ba%ba%e5%82%bb%e7%9c%bc-css3%e5%b0%8d%e4%b8%8d%e5%90%8c%e7%80%8f%e8%a6%bd%e5%99%a8%e7%9a%84%e6%94%af%e6%8f%b4%e5%ba%a6%ef%bd%9e/,未整理舊文,https://blog-legacy.yuaner.tw/category/old/,軟體相關,https://blog-legacy.yuaner.tw/tag/software/,元兒～,"2010-06-05 22:23:00","2018-12-11 01:59:58",Publish
156,IE9工程版測試,https://blog-legacy.yuaner.tw/old/ie9%e5%b7%a5%e7%a8%8b%e7%89%88%e6%b8%ac%e8%a9%a6/,未整理舊文,https://blog-legacy.yuaner.tw/category/old/,軟體相關,https://blog-legacy.yuaner.tw/tag/software/,元兒～,"2010-06-05 07:46:00","2018-12-11 01:59:57",Publish
157,狗兒來測試這台電腦的Flash校能夠不夠力,https://blog-legacy.yuaner.tw/old/%e7%8b%97%e5%85%92%e4%be%86%e6%b8%ac%e8%a9%a6%e9%80%99%e5%8f%b0%e9%9b%bb%e8%85%a6%e7%9a%84flash%e6%a0%a1%e8%83%bd%e5%a4%a0%e4%b8%8d%e5%a4%a0%e5%8a%9b/,未整理舊文,https://blog-legacy.yuaner.tw/category/old/,軟體相關,https://blog-legacy.yuaner.tw/tag/software/,元兒～,"2010-06-02 22:14:00","2018-12-11 01:59:56",Publish
158,"測試Firefox Developer Preview對上Youtube HTML5",https://blog-legacy.yuaner.tw/old/%e6%b8%ac%e8%a9%a6firefox-developer-preview%e5%b0%8d%e4%b8%8ayoutube-html5/,未整理舊文,https://blog-legacy.yuaner.tw/category/old/,軟體相關,https://blog-legacy.yuaner.tw/tag/software/,元兒～,"2010-06-01 06:41:00","2018-12-11 01:59:58",Publish
159,"續！Windows 關機小技巧",https://blog-legacy.yuaner.tw/old/%e7%ba%8c%ef%bc%81windows-%e9%97%9c%e6%a9%9f%e5%b0%8f%e6%8a%80%e5%b7%a7/,未整理舊文,https://blog-legacy.yuaner.tw/category/old/,軟體相關,https://blog-legacy.yuaner.tw/tag/software/,元兒～,"2010-05-29 20:52:00","2018-12-11 01:59:59",Publish
160,Windows關機小技巧,https://blog-legacy.yuaner.tw/old/windows%e9%97%9c%e6%a9%9f%e5%b0%8f%e6%8a%80%e5%b7%a7/,未整理舊文,https://blog-legacy.yuaner.tw/category/old/,軟體相關,https://blog-legacy.yuaner.tw/tag/software/,元兒～,"2010-05-23 22:24:00","2018-12-11 01:59:59",Publish
162,"升級前Linux Ubuntu 9.04最後的畫面",https://blog-legacy.yuaner.tw/old/%e5%8d%87%e7%b4%9a%e5%89%8dlinux-ubuntu-9-04%e6%9c%80%e5%be%8c%e7%9a%84%e7%95%ab%e9%9d%a2/,未整理舊文,https://blog-legacy.yuaner.tw/category/old/,玩Linux的日記,https://blog-legacy.yuaner.tw/tag/linux/,元兒～,"2010-05-08 22:09:00","2018-12-11 01:59:59",Publish
169,friendbar&#8211;Firefox擴充套件,https://blog-legacy.yuaner.tw/old/friendbar-firefox%e6%93%b4%e5%85%85%e5%a5%97%e4%bb%b6/,未整理舊文,https://blog-legacy.yuaner.tw/category/old/,"Firefox, 軟體相關","https://blog-legacy.yuaner.tw/tag/firefox/, https://blog-legacy.yuaner.tw/tag/software/",元兒～,"2010-04-23 07:35:00","2018-12-11 01:59:59",Publish
170,Facebook網誌與部落格RSS同步,https://blog-legacy.yuaner.tw/old/facebook%e7%b6%b2%e8%aa%8c%e8%88%87%e9%83%a8%e8%90%bd%e6%a0%bcrss%e5%90%8c%e6%ad%a5/,未整理舊文,https://blog-legacy.yuaner.tw/category/old/,,,元兒～,"2010-03-27 07:54:00","2018-12-11 01:59:59",Publish
172,麻煩大了～硬碟出現壞軌,https://blog-legacy.yuaner.tw/old/%e9%ba%bb%e7%85%a9%e5%a4%a7%e4%ba%86%ef%bd%9e%e7%a1%ac%e7%a2%9f%e5%87%ba%e7%8f%be%e5%a3%9e%e8%bb%8c/,未整理舊文,https://blog-legacy.yuaner.tw/category/old/,,,元兒～,"2010-03-18 07:45:00","2018-12-11 02:00:01",Publish
174,還在用IE上網嗎？挑一挑更適合的吧！,https://blog-legacy.yuaner.tw/old/%e9%82%84%e5%9c%a8%e7%94%a8ie%e4%b8%8a%e7%b6%b2%e5%97%8e%ef%bc%9f%e6%8c%91%e4%b8%80%e6%8c%91%e6%9b%b4%e9%81%a9%e5%90%88%e7%9a%84%e5%90%a7%ef%bc%81/,未整理舊文,https://blog-legacy.yuaner.tw/category/old/,軟體相關,https://blog-legacy.yuaner.tw/tag/software/,元兒～,"2010-03-08 05:51:00","2018-12-11 02:00:01",Publish
176,補！Windows版-Pidgin整合即時通與Facebook聊天功能整合！,https://blog-legacy.yuaner.tw/old/%e8%a3%9c%ef%bc%81windows%e7%89%88-pidgin%e6%95%b4%e5%90%88%e5%8d%b3%e6%99%82%e9%80%9a%e8%88%87facebook%e8%81%8a%e5%a4%a9%e5%8a%9f%e8%83%bd%e6%95%b4%e5%90%88%ef%bc%81/,未整理舊文,https://blog-legacy.yuaner.tw/category/old/,軟體相關,https://blog-legacy.yuaner.tw/tag/software/,元兒～,"2010-02-21 22:43:00","2018-12-11 02:00:00",Publish
177,Pidgin整合即時通與Facebook聊天功能整合！,https://blog-legacy.yuaner.tw/old/pidgin%e6%95%b4%e5%90%88%e5%8d%b3%e6%99%82%e9%80%9a%e8%88%87facebook%e8%81%8a%e5%a4%a9%e5%8a%9f%e8%83%bd%e6%95%b4%e5%90%88%ef%bc%81/,未整理舊文,https://blog-legacy.yuaner.tw/category/old/,"玩Linux的日記, 軟體相關","https://blog-legacy.yuaner.tw/tag/linux/, https://blog-legacy.yuaner.tw/tag/software/",元兒～,"2010-02-20 07:39:00","2018-12-11 02:00:00",Publish
185,漂亮的Facebook介面外掛,https://blog-legacy.yuaner.tw/old/%e6%bc%82%e4%ba%ae%e7%9a%84facebook%e4%bb%8b%e9%9d%a2%e5%a4%96%e6%8e%9b/,未整理舊文,https://blog-legacy.yuaner.tw/category/old/,軟體相關,https://blog-legacy.yuaner.tw/tag/software/,元兒～,"2010-02-04 03:57:00","2018-12-11 02:00:00",Publish
187,"Pidgin 不錯的整合即時通程式",https://blog-legacy.yuaner.tw/old/pidgin-%e4%b8%8d%e9%8c%af%e7%9a%84%e6%95%b4%e5%90%88%e5%8d%b3%e6%99%82%e9%80%9a%e7%a8%8b%e5%bc%8f/,未整理舊文,https://blog-legacy.yuaner.tw/category/old/,軟體相關,https://blog-legacy.yuaner.tw/tag/software/,元兒～,"2010-01-31 06:50:00","2018-12-11 02:00:00",Publish
191,31個Firefox套件包！我之前蒐集的Firefox擴供套件一次下載安裝！,https://blog-legacy.yuaner.tw/old/31%e5%80%8bfirefox%e5%a5%97%e4%bb%b6%e5%8c%85%ef%bc%81%e6%88%91%e4%b9%8b%e5%89%8d%e8%92%90%e9%9b%86%e7%9a%84firefox%e6%93%b4%e4%be%9b%e5%a5%97%e4%bb%b6%e4%b8%80%e6%ac%a1%e4%b8%8b%e8%bc%89%e5%ae%89/,未整理舊文,https://blog-legacy.yuaner.tw/category/old/,"Firefox, 軟體相關","https://blog-legacy.yuaner.tw/tag/firefox/, https://blog-legacy.yuaner.tw/tag/software/",元兒～,"2009-07-24 05:02:00","2018-12-11 02:00:03",Publish
192,"Firefox 使用FEBE備份套件、書籤、網頁紀錄",https://blog-legacy.yuaner.tw/old/firefox-%e4%bd%bf%e7%94%a8febe%e5%82%99%e4%bb%bd%e5%a5%97%e4%bb%b6%e3%80%81%e6%9b%b8%e7%b1%a4%e3%80%81%e7%b6%b2%e9%a0%81%e7%b4%80%e9%8c%84/,未整理舊文,https://blog-legacy.yuaner.tw/category/old/,"Firefox, 軟體相關","https://blog-legacy.yuaner.tw/tag/firefox/, https://blog-legacy.yuaner.tw/tag/software/",元兒～,"2009-07-23 03:01:00","2018-12-11 02:00:02",Publish
194,4個作業系統&#8230;我玩的多重開機,https://blog-legacy.yuaner.tw/old/4%e5%80%8b%e4%bd%9c%e6%a5%ad%e7%b3%bb%e7%b5%b1-%e6%88%91%e7%8e%a9%e7%9a%84%e5%a4%9a%e9%87%8d%e9%96%8b%e6%a9%9f/,未整理舊文,https://blog-legacy.yuaner.tw/category/old/,玩Linux的日記,https://blog-legacy.yuaner.tw/tag/linux/,元兒～,"2009-07-14 22:06:00","2018-12-11 02:00:02",Publish
195,生平第一次分割硬碟&#8230;冷汗直流的筆記,https://blog-legacy.yuaner.tw/old/%e7%94%9f%e5%b9%b3%e7%ac%ac%e4%b8%80%e6%ac%a1%e5%88%86%e5%89%b2%e7%a1%ac%e7%a2%9f-%e5%86%b7%e6%b1%97%e7%9b%b4%e6%b5%81%e7%9a%84%e7%ad%86%e8%a8%98/,未整理舊文,https://blog-legacy.yuaner.tw/category/old/,玩Linux的日記,https://blog-legacy.yuaner.tw/tag/linux/,元兒～,"2009-07-11 04:05:00","2018-12-11 02:00:02",Publish
197,同時跑兩個作業系統&#8230;,https://blog-legacy.yuaner.tw/old/%e5%90%8c%e6%99%82%e8%b7%91%e5%85%a9%e5%80%8b%e4%bd%9c%e6%a5%ad%e7%b3%bb%e7%b5%b1/,未整理舊文,https://blog-legacy.yuaner.tw/category/old/,玩Linux的日記,https://blog-legacy.yuaner.tw/tag/linux/,元兒～,"2009-04-04 07:38:00","2018-12-11 02:00:01",Publish
198,"安裝Linux Ubuntu",https://blog-legacy.yuaner.tw/old/%e5%ae%89%e8%a3%9dlinux-ubuntu/,未整理舊文,https://blog-legacy.yuaner.tw/category/old/,玩Linux的日記,https://blog-legacy.yuaner.tw/tag/linux/,元兒～,"2009-01-22 07:05:00","2018-12-11 02:00:01",Publish
207,"傳統的Media player",https://blog-legacy.yuaner.tw/old/%e5%82%b3%e7%b5%b1%e7%9a%84media-player/,未整理舊文,https://blog-legacy.yuaner.tw/category/old/,軟體相關,https://blog-legacy.yuaner.tw/tag/software/,元兒～,"2008-07-05 06:57:00","2018-12-11 02:00:03",Publish
322,6/5-ArchLinux重大更新紀錄,https://blog-legacy.yuaner.tw/old/archlinux-update/,未整理舊文,https://blog-legacy.yuaner.tw/category/old/,"ArchLinux, 玩Linux的日記, 軟體相關","https://blog-legacy.yuaner.tw/tag/archlinux/, https://blog-legacy.yuaner.tw/tag/linux/, https://blog-legacy.yuaner.tw/tag/software/",元兒～,"2013-06-06 01:02:05","2018-12-11 01:59:41",Publish
347,"PACman v22.3.0 for HTC Desire HD 我又刷啦",https://blog-legacy.yuaner.tw/old/pacman-v22-3-dhd/,未整理舊文,https://blog-legacy.yuaner.tw/category/old/,"Android, HTC Desire HD, 玩刷機","https://blog-legacy.yuaner.tw/tag/android/, https://blog-legacy.yuaner.tw/tag/htc-desire-hd/, https://blog-legacy.yuaner.tw/tag/flash-rom/",元兒～,"2013-06-07 16:19:12","2018-12-11 01:59:41",Publish
400,"[Android] SAO刀劍神域桌面美化",https://blog-legacy.yuaner.tw/old/android-sao-desktop/,未整理舊文,https://blog-legacy.yuaner.tw/category/old/,Android,https://blog-legacy.yuaner.tw/tag/android/,元兒～,"2013-07-13 16:48:36","2018-12-11 01:59:40",Publish
409,"MIUI V5 合作版 For Desire HD 簡單心得",https://blog-legacy.yuaner.tw/tech/miui-v5-for-desire-hd/,"刷機, 資訊技術","https://blog-legacy.yuaner.tw/category/tech/flash-rom/, https://blog-legacy.yuaner.tw/category/tech/","Android, HTC Desire HD, 玩刷機","https://blog-legacy.yuaner.tw/tag/android/, https://blog-legacy.yuaner.tw/tag/htc-desire-hd/, https://blog-legacy.yuaner.tw/tag/flash-rom/",元兒～,"2013-07-27 23:10:22","2018-12-12 22:44:35",Publish
451,"KBtalKing Pro Value 我人生中的第一把機械式鍵盤",https://blog-legacy.yuaner.tw/tech/kbtalking-pro-value/,"資訊技術, 開箱","https://blog-legacy.yuaner.tw/category/tech/, https://blog-legacy.yuaner.tw/category/tech/unbox/",機械式鍵盤,https://blog-legacy.yuaner.tw/tag/%e6%a9%9f%e6%a2%b0%e5%bc%8f%e9%8d%b5%e7%9b%a4/,元兒～,"2013-09-10 22:00:32","2018-12-12 22:33:46",Publish
752,給tw域名換一家域名商吧,https://blog-legacy.yuaner.tw/tech/twdomaintrans/,資訊技術,https://blog-legacy.yuaner.tw/category/tech/,,,元兒～,"2022-09-12 23:56:46","2022-09-17 20:16:15",Publish
792,iPad更換電池送修經驗,https://blog-legacy.yuaner.tw/other/ipad-repair-exp/,其他,https://blog-legacy.yuaner.tw/category/other/,,,元兒～,"2022-09-17 18:16:42","2022-09-26 01:56:19",Publish
825,淘寶退款與後續要怎麼領到這些錢,https://blog-legacy.yuaner.tw/life/taobao-refund/,生活經驗,https://blog-legacy.yuaner.tw/category/life/,,,元兒～,"2022-09-26 01:43:49","2022-09-26 01:56:35",Publish
871,部落格系統準備遷移,https://blog-legacy.yuaner.tw/other/move-to-new-blog-system/,其他,https://blog-legacy.yuaner.tw/category/other/,,,元兒～,"2025-06-08 16:29:43","2025-06-08 16:31:13",Publish
